hole,shot,club,putt,start_lat,start_lon,start_acc_m,end_lat,end_lon,end_acc_m,distance,start_unix,end_unix
1,1,Driver,0,36.5680000,-121.9480000,0.6,36.5691204,-121.9462869,0.6,216,1780358400,1780358671
1,2,PW,0,36.5691179,-121.9462839,0.5,36.5696874,-121.9451152,0.6,134,1780358693,1780358889
1,3,Putter,1,36.5696960,-121.9451368,0.5,,,,-1,1780359020,0
1,4,Putter,1,36.5697606,-121.9451452,0.5,,,,-1,1780359031,0
2,1,4 Iron,0,36.5699076,-121.9439577,0.5,36.5709361,-121.9420329,0.4,226,1780359122,1780359562
2,2,GW,0,36.5709372,-121.9420359,0.4,36.5714473,-121.9410039,0.5,118,1780359597,1780359733
2,3,Putter,1,36.5714503,-121.9410032,0.5,,,,-1,1780359740,0
2,4,Putter,1,36.5715549,-121.9409240,0.4,,,,-1,1780359818,0
3,1,6 Iron,0,36.5707028,-121.9412278,0.4,36.5692838,-121.9414299,0.4,174,1780360087,1780360652
3,2,Putter,1,36.5692896,-121.9414345,0.3,,,,-1,1780360692,0
4,1,Driver,0,36.5685496,-121.9409275,0.5,36.5706126,-121.9400152,0.3,266,1780361005,1780361371
4,2,7 Iron,0,36.5706117,-121.9400120,0.4,36.5720328,-121.9404911,0.5,179,1780361379,1780361588
4,3,LW,0,36.5720290,-121.9404899,0.5,36.5719875,-121.9401600,0.4,33,1780361599,1780361658
4,4,Putter,1,36.5719891,-121.9401622,0.4,,,,-1,1780361664,0
5,1,Driver,0,36.5727527,-121.9393705,0.5,36.5703653,-121.9395413,0.6,291,1780361833,1780362269
5,2,GW,0,36.5703710,-121.9395289,0.5,36.5693607,-121.9398386,0.6,127,1780362296,1780362402
5,3,Putter,1,36.5693674,-121.9398624,0.5,,,,-1,1780362443,0
5,4,Putter,1,36.5693504,-121.9398721,0.4,,,,-1,1780362515,0
